gene,name,position,wt_aa,mut_aa,label,validation_role,selected_regime,substitution,sequence_length,support_rank,ll_norm,frob_norm,pair_norm,reference_advantage,esm1v_ll_mean_norm,augmented_pair_fixed_055,rescue_margin
BRCA1,NM_007294.4(BRCA1):c.5212G>A (p.Gly1738Arg),1737,G,R,1,candidate_positive_existing_aug,True,G>R,1863,0,0.4996418995153715,0.9099179485891388,0.7252937265059436,0.22565182699057207,0.2676191469680016,0.6208834878596271,0.3532643408916255
BRCA1,NM_007294.4(BRCA1):c.5509T>C (p.Trp1837Arg),1836,W,R,1,candidate_positive_existing_aug,True,W>R,1863,0,0.7743876579846638,0.755282986101498,0.7638800884489226,-0.010507569535741168,0.175495001576826,0.4943783930653956,0.3188833914885696
BRCA2,NM_000059.4(BRCA2):c.7868A>G (p.His2623Arg),2622,H,R,1,candidate_positive_existing_aug,True,H>R,3418,2,0.1488871878841342,0.5213805435741456,0.3537585335136405,0.20487134562950632,0.2451652963547689,0.3970836823254261,0.1519183859706572
BRCA2,NM_000059.4(BRCA2):c.8377G>A (p.Gly2793Arg),2792,G,R,1,candidate_positive_existing_aug,True,G>R,3418,2,0.1940425491417232,0.7988893534347812,0.5267082915029051,0.3326657423611819,0.4979851414349379,0.6634824580348517,0.16549731659991385
BRCA2,NM_000059.4(BRCA2):c.9374T>A (p.Leu3125His),3124,L,H,1,candidate_positive_existing_aug,True,L>H,3418,2,0.6249209769313095,0.9458782767551356,0.8014474918344139,0.17652651490310434,0.5453865158012261,0.7656569843258763,0.22027046852465015
NSD1,NM_022455.5(NSD1):c.5683T>C (p.Cys1895Arg),1894,C,R,1,candidate_positive_existing_aug,True,C>R,2696,9,0.142111118305041,0.3186116301762085,0.2391863998341832,0.09707528152914219,0.09294096061688,0.2170598288745107,0.1241188682576307
NSD1,NM_022455.5(NSD1):c.5758T>C (p.Cys1920Arg),1919,C,R,1,candidate_positive_existing_aug,True,C>R,2696,9,0.2112465770827413,0.5278226840744813,0.3853634359281983,0.17411685884545697,0.283458298264363,0.417858710459928,0.13440041219556503
TP53,NM_000546.6(TP53):c.391A>C (p.Asn131His),130,N,H,1,candidate_positive_existing_aug,True,N>H,393,0,0.3615043180827347,0.829223945682877,0.618750113262813,0.25724579518007834,0.4499265842292041,0.6585401330287243,0.20861354879952015
ANKRD11,NM_013275.6(ANKRD11):c.7684G>A (p.Glu2562Lys),2561,E,K,1,candidate_positive_reference_extension,True,E>K,2663,14,0.34660291075541677,0.986194316847523,0.6983781841060752,0.35177527335065845,,,
COL2A1,NM_001844.5(COL2A1):c.4171T>C (p.Tyr1391His),1390,Y,H,1,candidate_positive_reference_extension,True,Y>H,1487,27,0.20465496810874986,0.9255365966618682,0.601139863812965,0.3964848957042152,,,
GRIN2A,NM_001134407.3(GRIN2A):c.236C>G (p.Pro79Arg),78,P,R,1,candidate_positive_reference_extension,True,P>R,1464,22,0.2846592763159515,1.0,0.6780966743421782,0.39343739802622674,,,
KMT2A,NM_001197104.2(KMT2A):c.3472T>C (p.Cys1158Arg),1157,C,R,1,candidate_positive_reference_extension,True,C>R,3969,29,0.2525727989514429,0.8180940269384371,0.5636094743442898,0.31103667539284685,,,
TSC2,NM_000548.5(TSC2):c.4645T>C (p.Tyr1549His),1548,Y,H,1,candidate_positive_reference_extension,True,Y>H,1807,15,0.29554290155472884,1.0,0.682994305699628,0.3874514041448992,,,
TSC2,NM_000548.5(TSC2):c.4692T>G (p.Asn1564Lys),1563,N,K,1,candidate_positive_reference_extension,True,N>K,1807,15,0.2233428573727729,0.7921430612946363,0.5361829695297978,0.3128401121570249,,,
ANKRD11,NM_013275.6(ANKRD11):c.7688T>A (p.Val2563Asp),2562,V,D,1,matched_positive_control,False,V>D,2663,14,0.3346250426880956,0.5705009368346092,0.4643567844686781,0.1297317417805825,,,
BRCA1,NM_007294.4(BRCA1):c.5213G>T (p.Gly1738Val),1737,G,V,1,matched_positive_control,False,G>V,1863,0,0.49276295178554314,0.6069376444826813,0.5555590327689691,0.06279608098342598,,,
BRCA1,NM_007294.4(BRCA1):c.5509T>G (p.Trp1837Gly),1836,W,G,1,matched_positive_control,False,W>G,1863,0,0.796754069961497,0.7557389538732912,0.7741957561129837,-0.022558313848513256,,,
BRCA2,NM_000059.4(BRCA2):c.7868A>C (p.His2623Pro),2622,H,P,1,matched_positive_control,False,H>P,3418,2,0.14472750420694835,0.3678879754011425,0.26746576336375516,0.1227382591568068,,,
BRCA2,NM_000059.4(BRCA2):c.8378G>A (p.Gly2793Glu),2792,G,E,1,matched_positive_control,False,G>E,3418,2,0.2496840555367842,0.8120546767843559,0.5589878972229487,0.30930384168616454,,,
BRCA2,NM_000059.4(BRCA2):c.9371A>T (p.Asn3124Ile),3123,N,I,1,matched_positive_control,False,N>I,3418,2,0.36062401785011905,0.9118336279692603,0.6637893034156468,0.30316528556552774,,,
COL2A1,NM_001844.5(COL2A1):c.4172A>G (p.Tyr1391Cys),1390,Y,C,1,matched_positive_control,False,Y>C,1487,27,0.21073309438291093,0.21091237794840328,0.21083170034393173,9.860596102079233e-05,,,
GRIN2A,NM_001134407.3(GRIN2A):c.292C>T (p.Leu98Phe),97,L,F,1,matched_positive_control,False,L>F,1464,22,0.4571105702609855,0.12813440075479585,0.2761736770325812,-0.18093689322840428,,,
KMT2A,NM_001197104.2(KMT2A):c.3473G>C (p.Cys1158Ser),1157,C,S,1,matched_positive_control,False,C>S,3969,29,0.31391416978952363,0.8458541004490552,0.606481131652266,0.2925669618627424,,,
NSD1,NM_022455.5(NSD1):c.5684G>A (p.Cys1895Tyr),1894,C,Y,1,matched_positive_control,False,C>Y,2696,9,0.16775465743797346,0.26973260155982565,0.2238425267049922,0.056087869267018725,,,
NSD1,NM_022455.5(NSD1):c.5758T>A (p.Cys1920Ser),1919,C,S,1,matched_positive_control,False,C>S,2696,9,0.19753841809221898,0.5109557390276297,0.36991794460669486,0.17237952651447588,,,
TSC2,NM_000548.5(TSC2):c.4634T>C (p.Ile1545Thr),1544,I,T,1,matched_positive_control,False,I>T,1807,15,0.2875285632660408,0.29832809985567,0.2934683083903369,0.00593974512429607,,,
TSC2,NM_000548.5(TSC2):c.4685T>C (p.Leu1562Pro),1561,L,P,1,matched_positive_control,False,L>P,1807,15,0.29022856684087006,0.21516459900407736,0.24894338453063408,-0.04128518231023598,,,
BRCA1,NM_007294.4(BRCA1):c.3698A>G (p.Lys1233Arg),1232,K,R,0,regime_benign,True,K>R,1863,0,0.3599591801999148,0.6706004522289142,0.5308118798158644,0.17085269961594962,0.3412237220587688,0.5223809236523488,0.18115720159358
BRCA1,NM_007294.4(BRCA1):c.5576C>G (p.Pro1859Arg),1858,P,R,0,regime_benign,True,P>R,1863,0,0.3975254446644199,0.6405612510278079,0.5311951381642833,0.1336696934998634,0.283960474930127,0.4800909017838515,0.1961304268537245
BRCA2,NM_000059.4(BRCA2):c.8346T>A (p.Ser2782Arg),2781,S,R,0,regime_benign,True,S>R,3418,2,0.341318774178657,0.760560623915749,0.5719017915340576,0.2305830173554006,0.3899800548893708,0.5937993678538788,0.20381931296450795
MSH2,NM_000251.3(MSH2):c.1886A>G (p.Gln629Arg),628,Q,R,0,regime_benign,True,Q>R,934,8,0.1511582131742344,0.5808494670050598,0.3874884027811884,0.236330189606954,0.2675659491881215,0.4398718839874376,0.1723059347993161
