gene,name,position,wt_aa,mut_aa,label,frob_dist,trace_ratio,sps_log,ll_proper,model_name,validation_role,selected_regime,substitution,sequence_length,support_rank,ll_norm,frob_norm,pair_norm,reference_advantage,esm1v_ll_mean_norm,augmented_pair_fixed_055,rescue_margin,ll_norm_650m,frob_norm_650m,pair_norm_650m
ANKRD11,NM_013275.6(ANKRD11):c.7684G>A (p.Glu2562Lys),2561,E,K,1,1014.2995433902723,0.0580617216911615,0.9952482642675261,3.5126951336860657,facebook/esm2_t33_650M_UR50D,candidate_positive_reference_extension,True,E>K,2663,14,0.3466029107554167,0.986194316847523,0.6983781841060752,0.3517752733506584,,,,0.0,0.0,0.0
ANKRD11,NM_013275.6(ANKRD11):c.7688T>A (p.Val2563Asp),2562,V,D,1,1316.6782644073762,0.1267666287384196,1.4569741387886366,3.571044921875,facebook/esm2_t33_650M_UR50D,matched_positive_control,False,V>D,2663,14,0.3346250426880956,0.5705009368346092,0.4643567844686781,0.1297317417805825,,,,1.0,1.0,1.0
BRCA1,NM_007294.4(BRCA1):c.5212G>A (p.Gly1738Arg),1737,G,R,1,516.0867053720903,0.011815590710310141,0.10429263139764726,11.296874707448296,facebook/esm2_t33_650M_UR50D,candidate_positive_existing_aug,True,G>R,1863,0,0.4996418995153715,0.9099179485891388,0.7252937265059436,0.225651826990572,0.2676191469680016,0.6208834878596271,0.3532643408916255,0.7703899721044146,0.02632187859186711,0.36115252067251347
BRCA1,NM_007294.4(BRCA1):c.5509T>C (p.Trp1837Arg),1836,W,R,1,1449.8479979712413,0.06126538856184164,0.2224709202454012,12.07275390648283,facebook/esm2_t33_650M_UR50D,candidate_positive_existing_aug,True,W>R,1863,0,0.7743876579846638,0.755282986101498,0.7638800884489226,-0.0105075695357411,0.175495001576826,0.4943783930653956,0.3188833914885696,0.8506121409483989,0.17609998894160947,0.4796304573446647
BRCA1,NM_007294.4(BRCA1):c.5213G>T (p.Gly1738Val),1737,G,V,1,563.8434956385951,0.008641252657694543,0.13524573727071496,10.864257519948296,facebook/esm2_t33_650M_UR50D,matched_positive_control,False,G>V,1863,0,0.4927629517855431,0.6069376444826813,0.5555590327689691,0.0627960809834259,,,,0.7256594404654425,0.033982210905038605,0.34523696420722033
BRCA1,NM_007294.4(BRCA1):c.5509T>G (p.Trp1837Gly),1836,W,G,1,6586.285742458122,0.21018506419888366,5.954306662732572,13.51757812523283,facebook/esm2_t33_650M_UR50D,matched_positive_control,False,W>G,1863,0,0.796754069961497,0.7557389538732912,0.7741957561129837,-0.0225583138485132,,,,1.0,1.0,1.0
BRCA1,NM_007294.4(BRCA1):c.3698A>G (p.Lys1233Arg),1232,K,R,0,351.988284580243,0.01197571516288593,0.050740504584901334,4.020507752895355,facebook/esm2_t33_650M_UR50D,regime_benign,True,K>R,1863,0,0.3599591801999148,0.6706004522289142,0.5308118798158644,0.1708526996159496,0.3412237220587688,0.5223809236523488,0.18115720159358,0.018048706704732045,0.0,0.00812191801712942
BRCA1,NM_007294.4(BRCA1):c.5576C>G (p.Pro1859Arg),1858,P,R,0,645.972786942477,0.014310754729647292,0.1938727999439902,3.8459473252296448,facebook/esm2_t33_650M_UR50D,regime_benign,True,P>R,1863,0,0.3975254446644199,0.6405612510278079,0.5311951381642833,0.1336696934998634,0.283960474930127,0.4800909017838515,0.1961304268537245,0.0,0.04715599541865697,0.025935797480261334
BRCA2,NM_000059.4(BRCA2):c.7868A>G (p.His2623Arg),2622,H,R,1,993.0978345759006,0.035382433415595396,0.21470893659470985,2.9782103896141052,facebook/esm2_t33_650M_UR50D,candidate_positive_existing_aug,True,H>R,3418,2,0.1488871878841342,0.5213805435741456,0.3537585335136405,0.2048713456295063,0.2451652963547689,0.3970836823254261,0.1519183859706572,0.0,0.13068739462261603,0.07187806704243882
BRCA2,NM_000059.4(BRCA2):c.8377G>A (p.Gly2793Arg),2792,G,R,1,4981.031626623794,0.32060795328255953,29.713642386178584,3.1396484375,facebook/esm2_t33_650M_UR50D,candidate_positive_existing_aug,True,G>R,3418,2,0.1940425491417232,0.7988893534347812,0.5267082915029051,0.3326657423611819,0.4979851414349379,0.6634824580348517,0.1654973165999138,0.021329794061591342,0.9695860530218378,0.542870736489727
BRCA2,NM_000059.4(BRCA2):c.9374T>A (p.Leu3125His),3124,L,H,1,1156.6963474780152,0.023034509827543213,0.11244318389642138,10.546874551102519,facebook/esm2_t33_650M_UR50D,candidate_positive_existing_aug,True,L>H,3418,2,0.6249209769313095,0.9458782767551356,0.8014474918344139,0.1765265149031043,0.5453865158012261,0.7656569843258763,0.2202704685246501,1.0,0.1651018508664381,0.5408060179765409
BRCA2,NM_000059.4(BRCA2):c.7868A>C (p.His2623Pro),2622,H,P,1,5125.612626592501,0.14936067869734382,2.21812225311069,4.099609553813934,facebook/esm2_t33_650M_UR50D,matched_positive_control,False,H>P,3418,2,0.1447275042069483,0.3678879754011425,0.2674657633637551,0.1227382591568068,,,,0.14816341963035398,1.0,0.6166735388336594
BRCA2,NM_000059.4(BRCA2):c.8378G>A (p.Gly2793Glu),2792,G,E,1,5058.184720148222,0.3185004829247927,30.40936865370829,3.93017578125,facebook/esm2_t33_650M_UR50D,matched_positive_control,False,G>E,3418,2,0.2496840555367842,0.8120546767843559,0.5589878972229487,0.3093038416861645,,,,0.12577720074828716,0.9858159179152955,0.5987984951901418
BRCA2,NM_000059.4(BRCA2):c.9371A>T (p.Asn3124Ile),3123,N,I,1,3644.988044597786,0.11312425206195571,2.7091368875923343,6.686523601412773,facebook/esm2_t33_650M_UR50D,matched_positive_control,False,N>I,3418,2,0.360624017850119,0.9118336279692604,0.6637893034156468,0.3031652855655277,,,,0.4899561048920171,0.6885369616955371,0.5991755761339531
BRCA2,NM_000059.4(BRCA2):c.8346T>A (p.Ser2782Arg),2781,S,R,0,371.83962657646794,0.010581582058961064,0.04488312649427401,10.542968297377229,facebook/esm2_t33_650M_UR50D,regime_benign,True,S>R,3418,2,0.341318774178657,0.760560623915749,0.5719017915340576,0.2305830173554006,0.3899800548893708,0.5937993678538788,0.2038193129645079,0.9994838912598122,0.0,0.44976775106691547
COL2A1,NM_001844.5(COL2A1):c.4171T>C (p.Tyr1391His),1390,Y,H,1,3009.529902697118,0.14053742187819615,3.332989516497967,4.602539241313934,facebook/esm2_t33_650M_UR50D,candidate_positive_reference_extension,True,Y>H,1487,27,0.2046549681087498,0.9255365966618682,0.601139863812965,0.3964848957042152,,,,1.0,0.0,0.45
COL2A1,NM_001844.5(COL2A1):c.4172A>G (p.Tyr1391Cys),1390,Y,C,1,3137.8791387455294,0.13330221718701404,4.188620436283634,4.366211116313934,facebook/esm2_t33_650M_UR50D,matched_positive_control,False,Y>C,1487,27,0.2107330943829109,0.2109123779484032,0.2108317003439317,9.860596102079232e-05,,,,0.0,1.0,0.55
GRIN2A,NM_001134407.3(GRIN2A):c.236C>G (p.Pro79Arg),78,P,R,1,612.7330341445819,0.023698625592973248,0.17857772503034403,8.99511742964387,facebook/esm2_t33_650M_UR50D,candidate_positive_reference_extension,True,P>R,1464,22,0.2846592763159515,1.0,0.6780966743421782,0.3934373980262267,,,,1.0,0.0,0.45
GRIN2A,NM_001134407.3(GRIN2A):c.292C>T (p.Leu98Phe),97,L,F,1,619.6084223500297,0.007437849002004534,0.04889965221255589,6.3896485567092896,facebook/esm2_t33_650M_UR50D,matched_positive_control,False,L>F,1464,22,0.4571105702609855,0.1281344007547958,0.2761736770325812,-0.1809368932284042,,,,0.0,1.0,0.55
KMT2A,NM_001197104.2(KMT2A):c.3472T>C (p.Cys1158Arg),1157,C,R,1,1584.8742004719263,0.07480665943668634,0.44613273627626726,10.600097742659273,facebook/esm2_t33_650M_UR50D,candidate_positive_reference_extension,True,C>R,3969,29,0.2525727989514429,0.8180940269384371,0.5636094743442898,0.3110366753928468,,,,1.0,0.0,0.45
KMT2A,NM_001197104.2(KMT2A):c.3473G>C (p.Cys1158Ser),1157,C,S,1,1994.9668446634291,0.08889986235073175,0.6883523241780284,9.615478602034273,facebook/esm2_t33_650M_UR50D,matched_positive_control,False,C>S,3969,29,0.3139141697895236,0.8458541004490552,0.606481131652266,0.2925669618627424,,,,0.0,1.0,0.55
MSH2,NM_000251.3(MSH2):c.1886A>G (p.Gln629Arg),628,Q,R,0,812.9171767295276,0.013795498217099302,0.12999757362352235,2.787933349609375,facebook/esm2_t33_650M_UR50D,regime_benign,True,Q>R,934,8,0.1511582131742344,0.5808494670050598,0.3874884027811884,0.236330189606954,0.2675659491881215,0.4398718839874376,0.1723059347993161,0.0,0.0,0.0
NSD1,NM_022455.5(NSD1):c.5683T>C (p.Cys1895Arg),1894,C,R,1,1349.1070471917583,0.016252729724835914,0.22386946784717962,2.1682130098342896,facebook/esm2_t33_650M_UR50D,candidate_positive_existing_aug,True,C>R,2696,9,0.142111118305041,0.3186116301762085,0.2391863998341832,0.0970752815291421,0.09294096061688,0.2170598288745107,0.1241188682576307,0.0,0.0,0.0
NSD1,NM_022455.5(NSD1):c.5758T>C (p.Cys1920Arg),1919,C,R,1,2173.9579889382626,0.05118567438759401,1.1167969265611761,8.143066419288516,facebook/esm2_t33_650M_UR50D,candidate_positive_existing_aug,True,C>R,2696,9,0.2112465770827413,0.5278226840744813,0.3853634359281983,0.1741168588454569,0.283458298264363,0.417858710459928,0.134400412195565,0.9718835625182817,0.9681094074331991,0.9698077772214863
NSD1,NM_022455.5(NSD1):c.5684G>A (p.Cys1895Tyr),1894,C,Y,1,1402.5049170993495,0.01740340210919361,0.2069920115813216,2.6088868379592896,facebook/esm2_t33_650M_UR50D,matched_positive_control,False,C>Y,2696,9,0.1677546574379734,0.2697326015598256,0.2238425267049922,0.0560878692670187,,,,0.07168103058545423,0.06267190540508624,0.06672601173625184
NSD1,NM_022455.5(NSD1):c.5758T>A (p.Cys1920Ser),1919,C,S,1,2201.129489503807,0.04185984862624855,1.0136085863578745,8.315917981788516,facebook/esm2_t33_650M_UR50D,matched_positive_control,False,C>S,2696,9,0.1975384180922189,0.5109557390276297,0.3699179446066948,0.1723795265144758,,,,1.0,1.0,1.0
TP53,NM_000546.6(TP53):c.391A>C (p.Asn131His),130,N,H,1,611.5762895395114,0.041997355002774316,0.38000183190906567,3.3544923067092896,facebook/esm2_t33_650M_UR50D,candidate_positive_existing_aug,True,N>H,393,0,0.3615043180827347,0.829223945682877,0.618750113262813,0.2572457951800783,0.4499265842292041,0.6585401330287243,0.2086135487995201,0.0,0.0,0.0
TSC2,NM_000548.5(TSC2):c.4645T>C (p.Tyr1549His),1548,Y,H,1,3137.222454574795,0.10734962935903344,1.6854834351810735,4.191406190395355,facebook/esm2_t33_650M_UR50D,candidate_positive_reference_extension,True,Y>H,1807,15,0.2955429015547288,1.0,0.682994305699628,0.3874514041448992,,,,0.8189925779283944,0.4324714342482163,0.6064059489042964
TSC2,NM_000548.5(TSC2):c.4692T>G (p.Asn1564Lys),1563,N,K,1,4501.534559801623,0.0642612416136258,1.1401896337032587,3.1154785752296448,facebook/esm2_t33_650M_UR50D,candidate_positive_reference_extension,True,N>K,1807,15,0.2233428573727729,0.7921430612946363,0.5361829695297978,0.3128401121570249,,,,0.0,1.0,0.55
TSC2,NM_000548.5(TSC2):c.4634T>C (p.Ile1545Thr),1544,I,T,1,2097.581371261104,0.07381922695035543,0.7874065348628484,4.3581541031599045,facebook/esm2_t33_650M_UR50D,matched_positive_control,False,I>T,1807,15,0.2875285632660408,0.29832809985567,0.2934683083903369,0.005939745124296,,,,0.9459205431690523,0.0,0.42566424442607353
TSC2,NM_000548.5(TSC2):c.4685T>C (p.Leu1562Pro),1561,L,P,1,3845.1445989674176,0.17807334705868597,2.7520272344732883,4.4291994124650955,facebook/esm2_t33_650M_UR50D,matched_positive_control,False,L>P,1807,15,0.29022856684087,0.2151645990040773,0.248943384530634,-0.0412851823102359,,,,1.0,0.7269539340602922,0.8498246637331608
